"id","title","description","avatar","slug","is_active","is_featured","favorite_id","user_id","category_id","created_at","updated_at","deleted_at"
"1","Welcome to Our Blog","This is the first post on our blog, created by the admin.",NULL,"welcome-to-our-blog","1","1",NULL,"2","1","2025-06-09 10:51:11","2025-06-09 10:51:11",NULL
"2","Teaching Tips for Success","Helpful tips for teachers to succeed in the classroom.",NULL,"teaching-tips-for-success","1","0",NULL,"4","2","2025-06-09 10:51:11","2025-06-09 10:51:11",NULL
"3","Latest Technology Trends","An overview of the latest trends in technology.",NULL,"latest-technology-trends","1","0",NULL,"2","1","2025-06-09 10:51:11","2025-06-09 10:51:11",NULL
"4","Classroom Management Strategies","Effective strategies for managing a classroom.",NULL,"classroom-management-strategies","1","0",NULL,"4","2","2025-06-09 10:51:11","2025-06-09 10:51:11",NULL
"5","Health and Wellness Tips","Tips for maintaining health and wellness.",NULL,"health-and-wellness-tips","1","0",NULL,"2","3","2025-06-09 10:51:11","2025-06-09 10:51:11",NULL
"id","student_id","user_id","title","description","fecha_entrega","status","created_at","updated_at"
"1",NULL,"4","Tarea: Entrega de proyecto de matemáticas","Completar el proyecto sobre álgebra y entregarlo en formato PDF.","2025-06-10","INACTIVE","2025-06-09 10:51:11","2025-06-09 10:51:11"
"2",NULL,"4","Tarea: Lectura de capítulo 5 de historia","Leer y resumir el capítulo 5 para discusión en clase.","2025-06-20","INACTIVE","2025-06-09 10:51:11","2025-06-09 10:51:11"
"3",NULL,"4","Examen: Matemáticas","Examen final de matemáticas, temas álgebra y geometría.","2025-06-15","INACTIVE","2025-06-09 10:51:11","2025-06-09 10:51:11"
"4",NULL,"4","Examen: Historia","Examen de historia sobre la revolución industrial.","2025-06-25","INACTIVE","2025-06-09 10:51:11","2025-06-09 10:51:11"
"5",NULL,"4","Presentación: Proyecto de ciencias","Presentar el proyecto de ciencias en clase.","2025-06-30","INACTIVE","2025-06-09 10:51:11","2025-06-09 10:51:11"
"id","student_id","materia_id","grade","lapso","anio_escolar","created_at","updated_at"
"1","1","1","8.93","3","2024-2025","2025-06-09 10:51:09","2025-06-09 10:51:10"
"2","1","2","12.67","1","2024-2025","2025-06-09 10:51:09","2025-06-09 10:51:10"
"3","1","3","7.92","2","2024-2025","2025-06-09 10:51:09","2025-06-09 10:51:10"
"4","1","4","8.96","2","2024-2025","2025-06-09 10:51:09","2025-06-09 10:51:10"
"5","1","5","9.28","2","2024-2025","2025-06-09 10:51:09","2025-06-09 10:51:10"
"6","2","1","14.24","1","2024-2025","2025-06-09 10:51:09","2025-06-09 10:51:10"
"7","2","2","9.22","3","2024-2025","2025-06-09 10:51:09","2025-06-09 10:51:10"
"8","2","3","10.50","2","2024-2025","2025-06-09 10:51:09","2025-06-09 10:51:10"
"9","2","4","17.51","1","2024-2025","2025-06-09 10:51:09","2025-06-09 10:51:10"
"10","2","5","16.55","2","2024-2025","2025-06-09 10:51:09","2025-06-09 10:51:10"
"11","3","1","7.25","1","2024-2025","2025-06-09 10:51:09","2025-06-09 10:51:10"
"12","3","2","11.38","1","2024-2025","2025-06-09 10:51:09","2025-06-09 10:51:10"
"13","3","3","12.56","2","2024-2025","2025-06-09 10:51:09","2025-06-09 10:51:10"
"14","3","4","8.02","2","2024-2025","2025-06-09 10:51:09","2025-06-09 10:51:10"
"15","3","5","8.41","1","2024-2025","2025-06-09 10:51:09","2025-06-09 10:51:10"
"16","4","1","5.35","3","2024-2025","2025-06-09 10:51:09","2025-06-09 10:51:10"
"17","4","2","5.00","3","2024-2025","2025-06-09 10:51:09","2025-06-09 10:51:10"
"18","4","3","9.07","2","2024-2025","2025-06-09 10:51:09","2025-06-09 10:51:10"
"19","4","4","8.91","2","2024-2025","2025-06-09 10:51:09","2025-06-09 10:51:10"
"20","4","5","10.67","1","2024-2025","2025-06-09 10:51:09","2025-06-09 10:51:10"
"21","5","1","8.06","1","2024-2025","2025-06-09 10:51:09","2025-06-09 10:51:10"
"22","5","2","12.96","3","2024-2025","2025-06-09 10:51:09","2025-06-09 10:51:10"
"23","5","3","17.64","3","2024-2025","2025-06-09 10:51:09","2025-06-09 10:51:10"
"24","5","4","10.18","2","2024-2025","2025-06-09 10:51:09","2025-06-09 10:51:10"
"25","5","5","7.09","3","2024-2025","2025-06-09 10:51:09","2025-06-09 10:51:10"
"26","6","1","8.57","1","2024-2025","2025-06-09 10:51:09","2025-06-09 10:51:10"
"27","6","2","14.00","2","2024-2025","2025-06-09 10:51:09","2025-06-09 10:51:10"
"28","6","3","7.24","1","2024-2025","2025-06-09 10:51:09","2025-06-09 10:51:10"
"29","6","4","12.98","1","2024-2025","2025-06-09 10:51:09","2025-06-09 10:51:10"
"30","6","5","6.08","3","2024-2025","2025-06-09 10:51:09","2025-06-09 10:51:10"
"31","7","1","17.95","2","2024-2025","2025-06-09 10:51:09","2025-06-09 10:51:10"
"32","7","2","12.41","1","2024-2025","2025-06-09 10:51:09","2025-06-09 10:51:10"
"33","7","3","8.00","3","2024-2025","2025-06-09 10:51:09","2025-06-09 10:51:10"
"34","7","4","4.79","3","2024-2025","2025-06-09 10:51:09","2025-06-09 10:51:10"
"35","7","5","10.28","3","2024-2025","2025-06-09 10:51:09","2025-06-09 10:51:10"
"36","8","1","6.49","2","2024-2025","2025-06-09 10:51:09","2025-06-09 10:51:10"
"37","8","2","6.81","2","2024-2025","2025-06-09 10:51:09","2025-06-09 10:51:10"
"38","8","3","13.69","3","2024-2025","2025-06-09 10:51:09","2025-06-09 10:51:10"
"39","8","4","9.15","2","2024-2025","2025-06-09 10:51:09","2025-06-09 10:51:10"
"40","8","5","13.84","2","2024-2025","2025-06-09 10:51:09","2025-06-09 10:51:10"
"41","9","1","18.24","3","2024-2025","2025-06-09 10:51:09","2025-06-09 10:51:10"
"42","9","2","12.09","1","2024-2025","2025-06-09 10:51:09","2025-06-09 10:51:10"
"43","9","3","7.37","2","2024-2025","2025-06-09 10:51:09","2025-06-09 10:51:10"
"44","9","4","10.05","1","2024-2025","2025-06-09 10:51:09","2025-06-09 10:51:10"
"45","9","5","7.86","2","2024-2025","2025-06-09 10:51:09","2025-06-09 10:51:10"
"46","10","1","11.59","1","2024-2025","2025-06-09 10:51:09","2025-06-09 10:51:10"
"47","10","2","14.87","3","2024-2025","2025-06-09 10:51:09","2025-06-09 10:51:10"
"48","10","3","7.68","2","2024-2025","2025-06-09 10:51:09","2025-06-09 10:51:10"
"49","10","4","14.21","3","2024-2025","2025-06-09 10:51:09","2025-06-09 10:51:10"
"50","10","5","14.37","3","2024-2025","2025-06-09 10:51:09","2025-06-09 10:51:10"
"51","11","1","12.74","3","2024-2025","2025-06-09 10:51:09","2025-06-09 10:51:10"
"52","11","2","7.73","1","2024-2025","2025-06-09 10:51:09","2025-06-09 10:51:10"
"53","11","3","12.32","1","2024-2025","2025-06-09 10:51:09","2025-06-09 10:51:10"
"54","11","4","14.92","1","2024-2025","2025-06-09 10:51:09","2025-06-09 10:51:10"
"55","11","5","14.03","3","2024-2025","2025-06-09 10:51:09","2025-06-09 10:51:10"
"56","12","1","14.09","1","2024-2025","2025-06-09 10:51:09","2025-06-09 10:51:10"
"57","12","2","7.74","2","2024-2025","2025-06-09 10:51:09","2025-06-09 10:51:10"
"58","12","3","12.66","1","2024-2025","2025-06-09 10:51:09","2025-06-09 10:51:10"
"59","12","4","7.14","2","2024-2025","2025-06-09 10:51:09","2025-06-09 10:51:10"
"60","12","5","4.25","1","2024-2025","2025-06-09 10:51:09","2025-06-09 10:51:10"
"61","13","1","11.49","2","2024-2025","2025-06-09 10:51:09","2025-06-09 10:51:10"
"62","13","2","8.37","2","2024-2025","2025-06-09 10:51:09","2025-06-09 10:51:10"
"63","13","3","11.80","1","2024-2025","2025-06-09 10:51:09","2025-06-09 10:51:10"
"64","13","4","1.00","1","2024-2025","2025-06-09 10:51:09","2025-06-09 10:51:10"
"65","13","5","14.07","1","2024-2025","2025-06-09 10:51:09","2025-06-09 10:51:10"
"66","14","1","13.15","1","2024-2025","2025-06-09 10:51:09","2025-06-09 10:51:10"
"67","14","2","6.09","3","2024-2025","2025-06-09 10:51:09","2025-06-09 10:51:10"
"68","14","3","4.83","3","2024-2025","2025-06-09 10:51:09","2025-06-09 10:51:10"
"69","14","4","6.35","3","2024-2025","2025-06-09 10:51:09","2025-06-09 10:51:10"
"70","14","5","13.63","1","2024-2025","2025-06-09 10:51:09","2025-06-09 10:51:10"
"71","15","1","15.96","2","2024-2025","2025-06-09 10:51:09","2025-06-09 10:51:10"
"72","15","2","12.70","3","2024-2025","2025-06-09 10:51:09","2025-06-09 10:51:10"
"73","15","3","11.79","2","2024-2025","2025-06-09 10:51:09","2025-06-09 10:51:10"
"74","15","4","14.08","3","2024-2025","2025-06-09 10:51:09","2025-06-09 10:51:10"
"75","15","5","7.87","3","2024-2025","2025-06-09 10:51:09","2025-06-09 10:51:10"
"76","16","1","12.76","1","2024-2025","2025-06-09 10:51:09","2025-06-09 10:51:10"
"77","16","2","10.58","1","2024-2025","2025-06-09 10:51:09","2025-06-09 10:51:10"
"78","16","3","8.90","1","2024-2025","2025-06-09 10:51:09","2025-06-09 10:51:10"
"79","16","4","9.52","3","2024-2025","2025-06-09 10:51:09","2025-06-09 10:51:11"
"80","16","5","11.91","1","2024-2025","2025-06-09 10:51:09","2025-06-09 10:51:11"
"81","17","1","6.02","2","2024-2025","2025-06-09 10:51:09","2025-06-09 10:51:11"
"82","17","2","7.92","2","2024-2025","2025-06-09 10:51:09","2025-06-09 10:51:11"
"83","17","3","7.83","3","2024-2025","2025-06-09 10:51:09","2025-06-09 10:51:11"
"84","17","4","10.33","1","2024-2025","2025-06-09 10:51:09","2025-06-09 10:51:11"
"85","17","5","13.31","2","2024-2025","2025-06-09 10:51:09","2025-06-09 10:51:11"
"86","18","1","8.33","1","2024-2025","2025-06-09 10:51:09","2025-06-09 10:51:11"
"87","18","2","11.41","2","2024-2025","2025-06-09 10:51:09","2025-06-09 10:51:11"
"88","18","3","2.85","1","2024-2025","2025-06-09 10:51:09","2025-06-09 10:51:11"
"89","18","4","12.07","1","2024-2025","2025-06-09 10:51:09","2025-06-09 10:51:11"
"90","18","5","9.04","1","2024-2025","2025-06-09 10:51:09","2025-06-09 10:51:11"
"91","19","1","14.11","3","2024-2025","2025-06-09 10:51:09","2025-06-09 10:51:11"
"92","19","2","7.83","2","2024-2025","2025-06-09 10:51:09","2025-06-09 10:51:11"
"93","19","3","9.23","3","2024-2025","2025-06-09 10:51:09","2025-06-09 10:51:11"
"94","19","4","14.33","1","2024-2025","2025-06-09 10:51:09","2025-06-09 10:51:11"
"95","19","5","7.45","3","2024-2025","2025-06-09 10:51:09","2025-06-09 10:51:11"
"96","20","1","12.35","1","2024-2025","2025-06-09 10:51:09","2025-06-09 10:51:11"
"97","20","2","5.33","3","2024-2025","2025-06-09 10:51:09","2025-06-09 10:51:11"
"98","20","3","5.64","3","2024-2025","2025-06-09 10:51:09","2025-06-09 10:51:11"
"99","20","4","11.09","2","2024-2025","2025-06-09 10:51:09","2025-06-09 10:51:11"
"100","20","5","13.51","2","2024-2025","2025-06-09 10:51:09","2025-06-09 10:51:11"
"101","21","1","14.48","1","2024-2025","2025-06-09 10:51:09","2025-06-09 10:51:11"
"102","21","2","8.88","1","2024-2025","2025-06-09 10:51:09","2025-06-09 10:51:11"
"103","21","3","11.93","3","2024-2025","2025-06-09 10:51:09","2025-06-09 10:51:11"
"104","21","4","7.45","3","2024-2025","2025-06-09 10:51:09","2025-06-09 10:51:11"
"105","21","5","9.47","2","2024-2025","2025-06-09 10:51:09","2025-06-09 10:51:11"
"106","22","1","5.22","2","2024-2025","2025-06-09 10:51:09","2025-06-09 10:51:11"
"107","22","2","14.80","3","2024-2025","2025-06-09 10:51:09","2025-06-09 10:51:11"
"108","22","3","6.45","1","2024-2025","2025-06-09 10:51:09","2025-06-09 10:51:11"
"109","22","4","5.27","3","2024-2025","2025-06-09 10:51:09","2025-06-09 10:51:11"
"110","22","5","11.13","3","2024-2025","2025-06-09 10:51:09","2025-06-09 10:51:11"
"111","23","1","10.97","1","2024-2025","2025-06-09 10:51:09","2025-06-09 10:51:11"
"112","23","2","13.94","3","2024-2025","2025-06-09 10:51:09","2025-06-09 10:51:11"
"113","23","3","11.32","3","2024-2025","2025-06-09 10:51:09","2025-06-09 10:51:11"
"114","23","4","12.17","1","2024-2025","2025-06-09 10:51:09","2025-06-09 10:51:11"
"115","23","5","12.27","3","2024-2025","2025-06-09 10:51:09","2025-06-09 10:51:11"
"116","24","1","11.59","3","2024-2025","2025-06-09 10:51:09","2025-06-09 10:51:11"
"117","24","2","15.56","2","2024-2025","2025-06-09 10:51:09","2025-06-09 10:51:11"
"118","24","3","9.31","3","2024-2025","2025-06-09 10:51:09","2025-06-09 10:51:11"
"119","24","4","7.79","2","2024-2025","2025-06-09 10:51:09","2025-06-09 10:51:11"
"120","24","5","10.61","3","2024-2025","2025-06-09 10:51:09","2025-06-09 10:51:11"
"121","25","1","11.12","2","2024-2025","2025-06-09 10:51:09","2025-06-09 10:51:11"
"122","25","2","11.79","1","2024-2025","2025-06-09 10:51:09","2025-06-09 10:51:11"
"123","25","3","13.20","3","2024-2025","2025-06-09 10:51:09","2025-06-09 10:51:11"
"124","25","4","14.93","3","2024-2025","2025-06-09 10:51:09","2025-06-09 10:51:11"
"125","25","5","9.10","2","2024-2025","2025-06-09 10:51:09","2025-06-09 10:51:11"
"126","26","1","7.11","2","2024-2025","2025-06-09 10:51:09","2025-06-09 10:51:11"
"127","26","2","7.38","1","2024-2025","2025-06-09 10:51:09","2025-06-09 10:51:11"
"128","26","3","7.89","2","2024-2025","2025-06-09 10:51:09","2025-06-09 10:51:11"
"129","26","4","10.50","2","2024-2025","2025-06-09 10:51:09","2025-06-09 10:51:11"
"130","26","5","13.58","3","2024-2025","2025-06-09 10:51:09","2025-06-09 10:51:11"
"id","name","created_at","updated_at"
"1","Technology","2025-06-09 10:51:11","2025-06-09 10:51:11"
"2","Education","2025-06-09 10:51:11","2025-06-09 10:51:11"
"3","Health","2025-06-09 10:51:11","2025-06-09 10:51:11"
"4","Sports","2025-06-09 10:51:11","2025-06-09 10:51:11"
"5","Entertainment","2025-06-09 10:51:11","2025-06-09 10:51:11"
"id","name","direccion","email","redessociales","telefono","telefonoActivo","telPresidencia","telPresActivo","telSecretaria","telSecActivo","telTesoreria","telTesActivo","avatar","created_at","updated_at"
"id","name","phone","email","subject","comment","created_at","updated_at"
"id","student_id","user_id","materia_id","title","exam_date","puntaje","valor_examen","created_at","updated_at"
"1","1","4","1","Examen 1 de Matemáticas","2025-06-09","5.00","7.00","2025-06-09 10:51:09","2025-06-09 10:51:09"
"2","1","4","1","Examen 2 de Matemáticas","2025-06-09","20.00","5.00","2025-06-09 10:51:10","2025-06-09 10:51:10"
"3","1","4","1","Examen 3 de Matemáticas","2025-06-09","8.00","30.00","2025-06-09 10:51:10","2025-06-09 10:51:10"
"4","1","4","2","Examen 1 de Ciencias","2025-06-09","17.00","8.00","2025-06-09 10:51:10","2025-06-09 10:51:10"
"5","1","4","2","Examen 2 de Ciencias","2025-06-09","17.00","29.00","2025-06-09 10:51:10","2025-06-09 10:51:10"
"6","1","4","2","Examen 3 de Ciencias","2025-06-09","6.00","24.00","2025-06-09 10:51:10","2025-06-09 10:51:10"
"7","1","4","3","Examen 1 de Historia","2025-06-09","11.00","27.00","2025-06-09 10:51:10","2025-06-09 10:51:10"
"8","1","4","3","Examen 2 de Historia","2025-06-09","5.00","15.00","2025-06-09 10:51:10","2025-06-09 10:51:10"
"9","1","4","3","Examen 3 de Historia","2025-06-09","4.00","10.00","2025-06-09 10:51:10","2025-06-09 10:51:10"
"10","1","4","4","Examen 1 de Lengua","2025-06-09","6.00","24.00","2025-06-09 10:51:10","2025-06-09 10:51:10"
"11","1","4","4","Examen 2 de Lengua","2025-06-09","6.00","20.00","2025-06-09 10:51:10","2025-06-09 10:51:10"
"12","1","4","4","Examen 3 de Lengua","2025-06-09","19.00","13.00","2025-06-09 10:51:10","2025-06-09 10:51:10"
"13","1","4","5","Examen 1 de Inglés","2025-06-09","18.00","7.00","2025-06-09 10:51:10","2025-06-09 10:51:10"
"14","1","4","5","Examen 2 de Inglés","2025-06-09","3.00","16.00","2025-06-09 10:51:10","2025-06-09 10:51:10"
"15","1","4","5","Examen 3 de Inglés","2025-06-09","11.00","23.00","2025-06-09 10:51:10","2025-06-09 10:51:10"
"16","2","4","1","Examen 1 de Matemáticas","2025-06-09","17.00","22.00","2025-06-09 10:51:10","2025-06-09 10:51:10"
"17","2","4","1","Examen 2 de Matemáticas","2025-06-09","14.00","22.00","2025-06-09 10:51:10","2025-06-09 10:51:10"
"18","2","4","1","Examen 3 de Matemáticas","2025-06-09","5.00","6.00","2025-06-09 10:51:10","2025-06-09 10:51:10"
"19","2","4","2","Examen 1 de Ciencias","2025-06-09","15.00","30.00","2025-06-09 10:51:10","2025-06-09 10:51:10"
"20","2","4","2","Examen 2 de Ciencias","2025-06-09","2.00","19.00","2025-06-09 10:51:10","2025-06-09 10:51:10"
"21","2","4","2","Examen 3 de Ciencias","2025-06-09","8.00","30.00","2025-06-09 10:51:10","2025-06-09 10:51:10"
"22","2","4","3","Examen 1 de Historia","2025-06-09","8.00","14.00","2025-06-09 10:51:10","2025-06-09 10:51:10"
"23","2","4","3","Examen 2 de Historia","2025-06-09","13.00","23.00","2025-06-09 10:51:10","2025-06-09 10:51:10"
"24","2","4","3","Examen 3 de Historia","2025-06-09","9.00","15.00","2025-06-09 10:51:10","2025-06-09 10:51:10"
"25","2","4","4","Examen 1 de Lengua","2025-06-09","15.00","13.00","2025-06-09 10:51:10","2025-06-09 10:51:10"
"26","2","4","4","Examen 2 de Lengua","2025-06-09","16.00","6.00","2025-06-09 10:51:10","2025-06-09 10:51:10"
"27","2","4","4","Examen 3 de Lengua","2025-06-09","19.00","28.00","2025-06-09 10:51:10","2025-06-09 10:51:10"
"28","2","4","5","Examen 1 de Inglés","2025-06-09","16.00","11.00","2025-06-09 10:51:10","2025-06-09 10:51:10"
"29","2","4","5","Examen 2 de Inglés","2025-06-09","16.00","25.00","2025-06-09 10:51:10","2025-06-09 10:51:10"
"30","2","4","5","Examen 3 de Inglés","2025-06-09","19.00","8.00","2025-06-09 10:51:10","2025-06-09 10:51:10"
"31","3","4","1","Examen 1 de Matemáticas","2025-06-09","17.00","19.00","2025-06-09 10:51:10","2025-06-09 10:51:10"
"32","3","4","1","Examen 2 de Matemáticas","2025-06-09","1.00","29.00","2025-06-09 10:51:10","2025-06-09 10:51:10"
"33","3","4","1","Examen 3 de Matemáticas","2025-06-09","7.00","15.00","2025-06-09 10:51:10","2025-06-09 10:51:10"
"34","3","4","2","Examen 1 de Ciencias","2025-06-09","13.00","25.00","2025-06-09 10:51:10","2025-06-09 10:51:10"
"35","3","4","2","Examen 2 de Ciencias","2025-06-09","4.00","5.00","2025-06-09 10:51:10","2025-06-09 10:51:10"
"36","3","4","2","Examen 3 de Ciencias","2025-06-09","11.00","9.00","2025-06-09 10:51:10","2025-06-09 10:51:10"
"37","3","4","3","Examen 1 de Historia","2025-06-09","11.00","23.00","2025-06-09 10:51:10","2025-06-09 10:51:10"
"38","3","4","3","Examen 2 de Historia","2025-06-09","17.00","14.00","2025-06-09 10:51:10","2025-06-09 10:51:10"
"39","3","4","3","Examen 3 de Historia","2025-06-09","11.00","17.00","2025-06-09 10:51:10","2025-06-09 10:51:10"
"40","3","4","4","Examen 1 de Lengua","2025-06-09","10.00","18.00","2025-06-09 10:51:10","2025-06-09 10:51:10"
"41","3","4","4","Examen 2 de Lengua","2025-06-09","8.00","30.00","2025-06-09 10:51:10","2025-06-09 10:51:10"
"42","3","4","4","Examen 3 de Lengua","2025-06-09","1.00","5.00","2025-06-09 10:51:10","2025-06-09 10:51:10"
"43","3","4","5","Examen 1 de Inglés","2025-06-09","18.00","22.00","2025-06-09 10:51:10","2025-06-09 10:51:10"
"44","3","4","5","Examen 2 de Inglés","2025-06-09","2.00","15.00","2025-06-09 10:51:10","2025-06-09 10:51:10"
"45","3","4","5","Examen 3 de Inglés","2025-06-09","4.00","26.00","2025-06-09 10:51:10","2025-06-09 10:51:10"
"46","4","4","1","Examen 1 de Matemáticas","2025-06-09","9.00","10.00","2025-06-09 10:51:10","2025-06-09 10:51:10"
"47","4","4","1","Examen 2 de Matemáticas","2025-06-09","6.00","21.00","2025-06-09 10:51:10","2025-06-09 10:51:10"
"48","4","4","1","Examen 3 de Matemáticas","2025-06-09","2.00","15.00","2025-06-09 10:51:10","2025-06-09 10:51:10"
"49","4","4","2","Examen 1 de Ciencias","2025-06-09","2.00","20.00","2025-06-09 10:51:10","2025-06-09 10:51:10"
"50","4","4","2","Examen 2 de Ciencias","2025-06-09","14.00","10.00","2025-06-09 10:51:10","2025-06-09 10:51:10"
"51","4","4","2","Examen 3 de Ciencias","2025-06-09","2.00","10.00","2025-06-09 10:51:10","2025-06-09 10:51:10"
"52","4","4","3","Examen 1 de Historia","2025-06-09","4.00","11.00","2025-06-09 10:51:10","2025-06-09 10:51:10"
"53","4","4","3","Examen 2 de Historia","2025-06-09","15.00","23.00","2025-06-09 10:51:10","2025-06-09 10:51:10"
"54","4","4","3","Examen 3 de Historia","2025-06-09","1.00","10.00","2025-06-09 10:51:10","2025-06-09 10:51:10"
"55","4","4","4","Examen 1 de Lengua","2025-06-09","9.00","25.00","2025-06-09 10:51:10","2025-06-09 10:51:10"
"56","4","4","4","Examen 2 de Lengua","2025-06-09","10.00","19.00","2025-06-09 10:51:10","2025-06-09 10:51:10"
"57","4","4","4","Examen 3 de Lengua","2025-06-09","8.00","25.00","2025-06-09 10:51:10","2025-06-09 10:51:10"
"58","4","4","5","Examen 1 de Inglés","2025-06-09","1.00","12.00","2025-06-09 10:51:10","2025-06-09 10:51:10"
"59","4","4","5","Examen 2 de Inglés","2025-06-09","20.00","5.00","2025-06-09 10:51:10","2025-06-09 10:51:10"
"60","4","4","5","Examen 3 de Inglés","2025-06-09","16.00","13.00","2025-06-09 10:51:10","2025-06-09 10:51:10"
"61","5","4","1","Examen 1 de Matemáticas","2025-06-09","17.00","23.00","2025-06-09 10:51:10","2025-06-09 10:51:10"
"62","5","4","1","Examen 2 de Matemáticas","2025-06-09","2.00","6.00","2025-06-09 10:51:10","2025-06-09 10:51:10"
"63","5","4","1","Examen 3 de Matemáticas","2025-06-09","1.00","24.00","2025-06-09 10:51:10","2025-06-09 10:51:10"
"64","5","4","2","Examen 1 de Ciencias","2025-06-09","10.00","17.00","2025-06-09 10:51:10","2025-06-09 10:51:10"
"65","5","4","2","Examen 2 de Ciencias","2025-06-09","9.00","8.00","2025-06-09 10:51:10","2025-06-09 10:51:10"
"66","5","4","2","Examen 3 de Ciencias","2025-06-09","16.00","27.00","2025-06-09 10:51:10","2025-06-09 10:51:10"
"67","5","4","3","Examen 1 de Historia","2025-06-09","20.00","16.00","2025-06-09 10:51:10","2025-06-09 10:51:10"
"68","5","4","3","Examen 2 de Historia","2025-06-09","17.00","18.00","2025-06-09 10:51:10","2025-06-09 10:51:10"
"69","5","4","3","Examen 3 de Historia","2025-06-09","16.00","16.00","2025-06-09 10:51:10","2025-06-09 10:51:10"
"70","5","4","4","Examen 1 de Lengua","2025-06-09","11.00","8.00","2025-06-09 10:51:10","2025-06-09 10:51:10"
"71","5","4","4","Examen 2 de Lengua","2025-06-09","14.00","6.00","2025-06-09 10:51:10","2025-06-09 10:51:10"
"72","5","4","4","Examen 3 de Lengua","2025-06-09","9.00","25.00","2025-06-09 10:51:10","2025-06-09 10:51:10"
"73","5","4","5","Examen 1 de Inglés","2025-06-09","3.00","30.00","2025-06-09 10:51:10","2025-06-09 10:51:10"
"74","5","4","5","Examen 2 de Inglés","2025-06-09","5.00","14.00","2025-06-09 10:51:10","2025-06-09 10:51:10"
"75","5","4","5","Examen 3 de Inglés","2025-06-09","14.00","22.00","2025-06-09 10:51:10","2025-06-09 10:51:10"
"76","6","4","1","Examen 1 de Matemáticas","2025-06-09","9.00","18.00","2025-06-09 10:51:10","2025-06-09 10:51:10"
"77","6","4","1","Examen 2 de Matemáticas","2025-06-09","8.00","30.00","2025-06-09 10:51:10","2025-06-09 10:51:10"
"78","6","4","1","Examen 3 de Matemáticas","2025-06-09","9.00","22.00","2025-06-09 10:51:10","2025-06-09 10:51:10"
"79","6","4","2","Examen 1 de Ciencias","2025-06-09","12.00","13.00","2025-06-09 10:51:10","2025-06-09 10:51:10"
"80","6","4","2","Examen 2 de Ciencias","2025-06-09","6.00","13.00","2025-06-09 10:51:10","2025-06-09 10:51:10"
"81","6","4","2","Examen 3 de Ciencias","2025-06-09","19.00","26.00","2025-06-09 10:51:10","2025-06-09 10:51:10"
"82","6","4","3","Examen 1 de Historia","2025-06-09","20.00","12.00","2025-06-09 10:51:10","2025-06-09 10:51:10"
"83","6","4","3","Examen 2 de Historia","2025-06-09","4.00","8.00","2025-06-09 10:51:10","2025-06-09 10:51:10"
"84","6","4","3","Examen 3 de Historia","2025-06-09","3.00","30.00","2025-06-09 10:51:10","2025-06-09 10:51:10"
"85","6","4","4","Examen 1 de Lengua","2025-06-09","9.00","21.00","2025-06-09 10:51:10","2025-06-09 10:51:10"
"86","6","4","4","Examen 2 de Lengua","2025-06-09","3.00","12.00","2025-06-09 10:51:10","2025-06-09 10:51:10"
"87","6","4","4","Examen 3 de Lengua","2025-06-09","20.00","29.00","2025-06-09 10:51:10","2025-06-09 10:51:10"
"88","6","4","5","Examen 1 de Inglés","2025-06-09","1.00","15.00","2025-06-09 10:51:10","2025-06-09 10:51:10"
"89","6","4","5","Examen 2 de Inglés","2025-06-09","1.00","14.00","2025-06-09 10:51:10","2025-06-09 10:51:10"
"90","6","4","5","Examen 3 de Inglés","2025-06-09","11.00","30.00","2025-06-09 10:51:10","2025-06-09 10:51:10"
"91","7","4","1","Examen 1 de Matemáticas","2025-06-09","19.00","27.00","2025-06-09 10:51:10","2025-06-09 10:51:10"
"92","7","4","1","Examen 2 de Matemáticas","2025-06-09","20.00","22.00","2025-06-09 10:51:10","2025-06-09 10:51:10"
"93","7","4","1","Examen 3 de Matemáticas","2025-06-09","15.00","25.00","2025-06-09 10:51:10","2025-06-09 10:51:10"
"94","7","4","2","Examen 1 de Ciencias","2025-06-09","13.00","6.00","2025-06-09 10:51:10","2025-06-09 10:51:10"
"95","7","4","2","Examen 2 de Ciencias","2025-06-09","13.00","6.00","2025-06-09 10:51:10","2025-06-09 10:51:10"
"96","7","4","2","Examen 3 de Ciencias","2025-06-09","12.00","17.00","2025-06-09 10:51:10","2025-06-09 10:51:10"
"97","7","4","3","Examen 1 de Historia","2025-06-09","8.00","16.00","2025-06-09 10:51:10","2025-06-09 10:51:10"
"98","7","4","3","Examen 2 de Historia","2025-06-09","15.00","5.00","2025-06-09 10:51:10","2025-06-09 10:51:10"
"99","7","4","3","Examen 3 de Historia","2025-06-09","3.00","7.00","2025-06-09 10:51:10","2025-06-09 10:51:10"
"100","7","4","4","Examen 1 de Lengua","2025-06-09","8.00","10.00","2025-06-09 10:51:10","2025-06-09 10:51:10"
"101","7","4","4","Examen 2 de Lengua","2025-06-09","6.00","24.00","2025-06-09 10:51:10","2025-06-09 10:51:10"
"102","7","4","4","Examen 3 de Lengua","2025-06-09","2.00","22.00","2025-06-09 10:51:10","2025-06-09 10:51:10"
"103","7","4","5","Examen 1 de Inglés","2025-06-09","5.00","29.00","2025-06-09 10:51:10","2025-06-09 10:51:10"
"104","7","4","5","Examen 2 de Inglés","2025-06-09","1.00","7.00","2025-06-09 10:51:10","2025-06-09 10:51:10"
"105","7","4","5","Examen 3 de Inglés","2025-06-09","19.00","25.00","2025-06-09 10:51:10","2025-06-09 10:51:10"
"106","8","4","1","Examen 1 de Matemáticas","2025-06-09","6.00","20.00","2025-06-09 10:51:10","2025-06-09 10:51:10"
"107","8","4","1","Examen 2 de Matemáticas","2025-06-09","7.00","5.00","2025-06-09 10:51:10","2025-06-09 10:51:10"
"108","8","4","1","Examen 3 de Matemáticas","2025-06-09","7.00","14.00","2025-06-09 10:51:10","2025-06-09 10:51:10"
"109","8","4","2","Examen 1 de Ciencias","2025-06-09","8.00","23.00","2025-06-09 10:51:10","2025-06-09 10:51:10"
"110","8","4","2","Examen 2 de Ciencias","2025-06-09","1.00","26.00","2025-06-09 10:51:10","2025-06-09 10:51:10"
"111","8","4","2","Examen 3 de Ciencias","2025-06-09","13.00","20.00","2025-06-09 10:51:10","2025-06-09 10:51:10"
"112","8","4","3","Examen 1 de Historia","2025-06-09","4.00","11.00","2025-06-09 10:51:10","2025-06-09 10:51:10"
"113","8","4","3","Examen 2 de Historia","2025-06-09","20.00","18.00","2025-06-09 10:51:10","2025-06-09 10:51:10"
"114","8","4","3","Examen 3 de Historia","2025-06-09","13.00","10.00","2025-06-09 10:51:10","2025-06-09 10:51:10"
"115","8","4","4","Examen 1 de Lengua","2025-06-09","6.00","22.00","2025-06-09 10:51:10","2025-06-09 10:51:10"
"116","8","4","4","Examen 2 de Lengua","2025-06-09","20.00","11.00","2025-06-09 10:51:10","2025-06-09 10:51:10"
"117","8","4","4","Examen 3 de Lengua","2025-06-09","2.00","7.00","2025-06-09 10:51:10","2025-06-09 10:51:10"
"118","8","4","5","Examen 1 de Inglés","2025-06-09","20.00","23.00","2025-06-09 10:51:10","2025-06-09 10:51:10"
"119","8","4","5","Examen 2 de Inglés","2025-06-09","7.00","23.00","2025-06-09 10:51:10","2025-06-09 10:51:10"
"120","8","4","5","Examen 3 de Inglés","2025-06-09","17.00","5.00","2025-06-09 10:51:10","2025-06-09 10:51:10"
"121","9","4","1","Examen 1 de Matemáticas","2025-06-09","10.00","7.00","2025-06-09 10:51:10","2025-06-09 10:51:10"
"122","9","4","1","Examen 2 de Matemáticas","2025-06-09","20.00","25.00","2025-06-09 10:51:10","2025-06-09 10:51:10"
"123","9","4","1","Examen 3 de Matemáticas","2025-06-09","19.00","18.00","2025-06-09 10:51:10","2025-06-09 10:51:10"
"124","9","4","2","Examen 1 de Ciencias","2025-06-09","12.00","28.00","2025-06-09 10:51:10","2025-06-09 10:51:10"
"125","9","4","2","Examen 2 de Ciencias","2025-06-09","19.00","18.00","2025-06-09 10:51:10","2025-06-09 10:51:10"
"126","9","4","2","Examen 3 de Ciencias","2025-06-09","7.00","24.00","2025-06-09 10:51:10","2025-06-09 10:51:10"
"127","9","4","3","Examen 1 de Historia","2025-06-09","12.00","9.00","2025-06-09 10:51:10","2025-06-09 10:51:10"
"128","9","4","3","Examen 2 de Historia","2025-06-09","7.00","10.00","2025-06-09 10:51:10","2025-06-09 10:51:10"
"129","9","4","3","Examen 3 de Historia","2025-06-09","5.00","16.00","2025-06-09 10:51:10","2025-06-09 10:51:10"
"130","9","4","4","Examen 1 de Lengua","2025-06-09","10.00","20.00","2025-06-09 10:51:10","2025-06-09 10:51:10"
"131","9","4","4","Examen 2 de Lengua","2025-06-09","8.00","24.00","2025-06-09 10:51:10","2025-06-09 10:51:10"
"132","9","4","4","Examen 3 de Lengua","2025-06-09","13.00","17.00","2025-06-09 10:51:10","2025-06-09 10:51:10"
"133","9","4","5","Examen 1 de Inglés","2025-06-09","5.00","21.00","2025-06-09 10:51:10","2025-06-09 10:51:10"
"134","9","4","5","Examen 2 de Inglés","2025-06-09","11.00","18.00","2025-06-09 10:51:10","2025-06-09 10:51:10"
"135","9","4","5","Examen 3 de Inglés","2025-06-09","8.00","26.00","2025-06-09 10:51:10","2025-06-09 10:51:10"
"136","10","4","1","Examen 1 de Matemáticas","2025-06-09","14.00","24.00","2025-06-09 10:51:10","2025-06-09 10:51:10"
"137","10","4","1","Examen 2 de Matemáticas","2025-06-09","4.00","27.00","2025-06-09 10:51:10","2025-06-09 10:51:10"
"138","10","4","1","Examen 3 de Matemáticas","2025-06-09","18.00","23.00","2025-06-09 10:51:10","2025-06-09 10:51:10"
"139","10","4","2","Examen 1 de Ciencias","2025-06-09","20.00","29.00","2025-06-09 10:51:10","2025-06-09 10:51:10"
"140","10","4","2","Examen 2 de Ciencias","2025-06-09","15.00","26.00","2025-06-09 10:51:10","2025-06-09 10:51:10"
"141","10","4","2","Examen 3 de Ciencias","2025-06-09","4.00","14.00","2025-06-09 10:51:10","2025-06-09 10:51:10"
"142","10","4","3","Examen 1 de Historia","2025-06-09","2.00","14.00","2025-06-09 10:51:10","2025-06-09 10:51:10"
"143","10","4","3","Examen 2 de Historia","2025-06-09","15.00","15.00","2025-06-09 10:51:10","2025-06-09 10:51:10"
"144","10","4","3","Examen 3 de Historia","2025-06-09","6.00","18.00","2025-06-09 10:51:10","2025-06-09 10:51:10"
"145","10","4","4","Examen 1 de Lengua","2025-06-09","12.00","16.00","2025-06-09 10:51:10","2025-06-09 10:51:10"
"146","10","4","4","Examen 2 de Lengua","2025-06-09","10.00","15.00","2025-06-09 10:51:10","2025-06-09 10:51:10"
"147","10","4","4","Examen 3 de Lengua","2025-06-09","20.00","17.00","2025-06-09 10:51:10","2025-06-09 10:51:10"
"148","10","4","5","Examen 1 de Inglés","2025-06-09","16.00","14.00","2025-06-09 10:51:10","2025-06-09 10:51:10"
"149","10","4","5","Examen 2 de Inglés","2025-06-09","15.00","22.00","2025-06-09 10:51:10","2025-06-09 10:51:10"
"150","10","4","5","Examen 3 de Inglés","2025-06-09","13.00","27.00","2025-06-09 10:51:10","2025-06-09 10:51:10"
"151","11","4","1","Examen 1 de Matemáticas","2025-06-09","20.00","20.00","2025-06-09 10:51:10","2025-06-09 10:51:10"
"152","11","4","1","Examen 2 de Matemáticas","2025-06-09","12.00","22.00","2025-06-09 10:51:10","2025-06-09 10:51:10"
"153","11","4","1","Examen 3 de Matemáticas","2025-06-09","1.00","11.00","2025-06-09 10:51:10","2025-06-09 10:51:10"
"154","11","4","2","Examen 1 de Ciencias","2025-06-09","9.00","28.00","2025-06-09 10:51:10","2025-06-09 10:51:10"
"155","11","4","2","Examen 2 de Ciencias","2025-06-09","3.00","9.00","2025-06-09 10:51:10","2025-06-09 10:51:10"
"156","11","4","2","Examen 3 de Ciencias","2025-06-09","8.00","27.00","2025-06-09 10:51:10","2025-06-09 10:51:10"
"157","11","4","3","Examen 1 de Historia","2025-06-09","12.00","22.00","2025-06-09 10:51:10","2025-06-09 10:51:10"
"158","11","4","3","Examen 2 de Historia","2025-06-09","10.00","28.00","2025-06-09 10:51:10","2025-06-09 10:51:10"
"159","11","4","3","Examen 3 de Historia","2025-06-09","15.00","27.00","2025-06-09 10:51:10","2025-06-09 10:51:10"
"160","11","4","4","Examen 1 de Lengua","2025-06-09","2.00","12.00","2025-06-09 10:51:10","2025-06-09 10:51:10"
"161","11","4","4","Examen 2 de Lengua","2025-06-09","19.00","28.00","2025-06-09 10:51:10","2025-06-09 10:51:10"
"162","11","4","4","Examen 3 de Lengua","2025-06-09","19.00","10.00","2025-06-09 10:51:10","2025-06-09 10:51:10"
"163","11","4","5","Examen 1 de Inglés","2025-06-09","12.00","21.00","2025-06-09 10:51:10","2025-06-09 10:51:10"
"164","11","4","5","Examen 2 de Inglés","2025-06-09","13.00","25.00","2025-06-09 10:51:10","2025-06-09 10:51:10"
"165","11","4","5","Examen 3 de Inglés","2025-06-09","17.00","23.00","2025-06-09 10:51:10","2025-06-09 10:51:10"
"166","12","4","1","Examen 1 de Matemáticas","2025-06-09","19.00","16.00","2025-06-09 10:51:10","2025-06-09 10:51:10"
"167","12","4","1","Examen 2 de Matemáticas","2025-06-09","12.00","25.00","2025-06-09 10:51:10","2025-06-09 10:51:10"
"168","12","4","1","Examen 3 de Matemáticas","2025-06-09","13.00","24.00","2025-06-09 10:51:10","2025-06-09 10:51:10"
"169","12","4","2","Examen 1 de Ciencias","2025-06-09","3.00","10.00","2025-06-09 10:51:10","2025-06-09 10:51:10"
"170","12","4","2","Examen 2 de Ciencias","2025-06-09","6.00","15.00","2025-06-09 10:51:10","2025-06-09 10:51:10"
"171","12","4","2","Examen 3 de Ciencias","2025-06-09","13.00","14.00","2025-06-09 10:51:10","2025-06-09 10:51:10"
"172","12","4","3","Examen 1 de Historia","2025-06-09","13.00","13.00","2025-06-09 10:51:10","2025-06-09 10:51:10"
"173","12","4","3","Examen 2 de Historia","2025-06-09","12.00","20.00","2025-06-09 10:51:10","2025-06-09 10:51:10"
"174","12","4","3","Examen 3 de Historia","2025-06-09","13.00","26.00","2025-06-09 10:51:10","2025-06-09 10:51:10"
"175","12","4","4","Examen 1 de Lengua","2025-06-09","8.00","28.00","2025-06-09 10:51:10","2025-06-09 10:51:10"
"176","12","4","4","Examen 2 de Lengua","2025-06-09","10.00","8.00","2025-06-09 10:51:10","2025-06-09 10:51:10"
"177","12","4","4","Examen 3 de Lengua","2025-06-09","4.00","15.00","2025-06-09 10:51:10","2025-06-09 10:51:10"
"178","12","4","5","Examen 1 de Inglés","2025-06-09","1.00","26.00","2025-06-09 10:51:10","2025-06-09 10:51:10"
"179","12","4","5","Examen 2 de Inglés","2025-06-09","19.00","8.00","2025-06-09 10:51:10","2025-06-09 10:51:10"
"180","12","4","5","Examen 3 de Inglés","2025-06-09","3.00","27.00","2025-06-09 10:51:10","2025-06-09 10:51:10"
"181","13","4","1","Examen 1 de Matemáticas","2025-06-09","20.00","9.00","2025-06-09 10:51:10","2025-06-09 10:51:10"
"182","13","4","1","Examen 2 de Matemáticas","2025-06-09","11.00","29.00","2025-06-09 10:51:10","2025-06-09 10:51:10"
"183","13","4","1","Examen 3 de Matemáticas","2025-06-09","9.00","25.00","2025-06-09 10:51:10","2025-06-09 10:51:10"
"184","13","4","2","Examen 1 de Ciencias","2025-06-09","1.00","28.00","2025-06-09 10:51:10","2025-06-09 10:51:10"
"185","13","4","2","Examen 2 de Ciencias","2025-06-09","17.00","29.00","2025-06-09 10:51:10","2025-06-09 10:51:10"
"186","13","4","2","Examen 3 de Ciencias","2025-06-09","1.00","6.00","2025-06-09 10:51:10","2025-06-09 10:51:10"
"187","13","4","3","Examen 1 de Historia","2025-06-09","7.00","21.00","2025-06-09 10:51:10","2025-06-09 10:51:10"
"188","13","4","3","Examen 2 de Historia","2025-06-09","16.00","7.00","2025-06-09 10:51:10","2025-06-09 10:51:10"
"189","13","4","3","Examen 3 de Historia","2025-06-09","16.00","17.00","2025-06-09 10:51:10","2025-06-09 10:51:10"
"190","13","4","4","Examen 1 de Lengua","2025-06-09","1.00","10.00","2025-06-09 10:51:10","2025-06-09 10:51:10"
"191","13","4","4","Examen 2 de Lengua","2025-06-09","1.00","24.00","2025-06-09 10:51:10","2025-06-09 10:51:10"
"192","13","4","4","Examen 3 de Lengua","2025-06-09","1.00","7.00","2025-06-09 10:51:10","2025-06-09 10:51:10"
"193","13","4","5","Examen 1 de Inglés","2025-06-09","10.00","23.00","2025-06-09 10:51:10","2025-06-09 10:51:10"
"194","13","4","5","Examen 2 de Inglés","2025-06-09","19.00","13.00","2025-06-09 10:51:10","2025-06-09 10:51:10"
"195","13","4","5","Examen 3 de Inglés","2025-06-09","20.00","5.00","2025-06-09 10:51:10","2025-06-09 10:51:10"
"196","14","4","1","Examen 1 de Matemáticas","2025-06-09","12.00","17.00","2025-06-09 10:51:10","2025-06-09 10:51:10"
"197","14","4","1","Examen 2 de Matemáticas","2025-06-09","17.00","17.00","2025-06-09 10:51:10","2025-06-09 10:51:10"
"198","14","4","1","Examen 3 de Matemáticas","2025-06-09","4.00","5.00","2025-06-09 10:51:10","2025-06-09 10:51:10"
"199","14","4","2","Examen 1 de Ciencias","2025-06-09","4.00","28.00","2025-06-09 10:51:10","2025-06-09 10:51:10"
"200","14","4","2","Examen 2 de Ciencias","2025-06-09","1.00","13.00","2025-06-09 10:51:10","2025-06-09 10:51:10"
"201","14","4","2","Examen 3 de Ciencias","2025-06-09","15.00","14.00","2025-06-09 10:51:10","2025-06-09 10:51:10"
"202","14","4","3","Examen 1 de Historia","2025-06-09","6.00","14.00","2025-06-09 10:51:10","2025-06-09 10:51:10"
"203","14","4","3","Examen 2 de Historia","2025-06-09","3.00","25.00","2025-06-09 10:51:10","2025-06-09 10:51:10"
"204","14","4","3","Examen 3 de Historia","2025-06-09","9.00","7.00","2025-06-09 10:51:10","2025-06-09 10:51:10"
"205","14","4","4","Examen 1 de Lengua","2025-06-09","3.00","29.00","2025-06-09 10:51:10","2025-06-09 10:51:10"
"206","14","4","4","Examen 2 de Lengua","2025-06-09","11.00","28.00","2025-06-09 10:51:10","2025-06-09 10:51:10"
"207","14","4","4","Examen 3 de Lengua","2025-06-09","4.00","14.00","2025-06-09 10:51:10","2025-06-09 10:51:10"
"208","14","4","5","Examen 1 de Inglés","2025-06-09","8.00","8.00","2025-06-09 10:51:10","2025-06-09 10:51:10"
"209","14","4","5","Examen 2 de Inglés","2025-06-09","7.00","7.00","2025-06-09 10:51:10","2025-06-09 10:51:10"
"210","14","4","5","Examen 3 de Inglés","2025-06-09","19.00","17.00","2025-06-09 10:51:10","2025-06-09 10:51:10"
"211","15","4","1","Examen 1 de Matemáticas","2025-06-09","12.00","13.00","2025-06-09 10:51:10","2025-06-09 10:51:10"
"212","15","4","1","Examen 2 de Matemáticas","2025-06-09","10.00","9.00","2025-06-09 10:51:10","2025-06-09 10:51:10"
"213","15","4","1","Examen 3 de Matemáticas","2025-06-09","20.00","26.00","2025-06-09 10:51:10","2025-06-09 10:51:10"
"214","15","4","2","Examen 1 de Ciencias","2025-06-09","17.00","29.00","2025-06-09 10:51:10","2025-06-09 10:51:10"
"215","15","4","2","Examen 2 de Ciencias","2025-06-09","8.00","28.00","2025-06-09 10:51:10","2025-06-09 10:51:10"
"216","15","4","2","Examen 3 de Ciencias","2025-06-09","13.00","23.00","2025-06-09 10:51:10","2025-06-09 10:51:10"
"217","15","4","3","Examen 1 de Historia","2025-06-09","18.00","6.00","2025-06-09 10:51:10","2025-06-09 10:51:10"
"218","15","4","3","Examen 2 de Historia","2025-06-09","13.00","14.00","2025-06-09 10:51:10","2025-06-09 10:51:10"
"219","15","4","3","Examen 3 de Historia","2025-06-09","5.00","8.00","2025-06-09 10:51:10","2025-06-09 10:51:10"
"220","15","4","4","Examen 1 de Lengua","2025-06-09","4.00","12.00","2025-06-09 10:51:10","2025-06-09 10:51:10"
"221","15","4","4","Examen 2 de Lengua","2025-06-09","18.00","24.00","2025-06-09 10:51:10","2025-06-09 10:51:10"
"222","15","4","4","Examen 3 de Lengua","2025-06-09","16.00","14.00","2025-06-09 10:51:10","2025-06-09 10:51:10"
"223","15","4","5","Examen 1 de Inglés","2025-06-09","14.00","9.00","2025-06-09 10:51:10","2025-06-09 10:51:10"
"224","15","4","5","Examen 2 de Inglés","2025-06-09","1.00","20.00","2025-06-09 10:51:10","2025-06-09 10:51:10"
"225","15","4","5","Examen 3 de Inglés","2025-06-09","17.00","9.00","2025-06-09 10:51:10","2025-06-09 10:51:10"
"226","16","4","1","Examen 1 de Matemáticas","2025-06-09","9.00","23.00","2025-06-09 10:51:10","2025-06-09 10:51:10"
"227","16","4","1","Examen 2 de Matemáticas","2025-06-09","16.00","6.00","2025-06-09 10:51:10","2025-06-09 10:51:10"
"228","16","4","1","Examen 3 de Matemáticas","2025-06-09","15.00","30.00","2025-06-09 10:51:10","2025-06-09 10:51:10"
"229","16","4","2","Examen 1 de Ciencias","2025-06-09","11.00","21.00","2025-06-09 10:51:10","2025-06-09 10:51:10"
"230","16","4","2","Examen 2 de Ciencias","2025-06-09","13.00","29.00","2025-06-09 10:51:10","2025-06-09 10:51:10"
"231","16","4","2","Examen 3 de Ciencias","2025-06-09","7.00","22.00","2025-06-09 10:51:10","2025-06-09 10:51:10"
"232","16","4","3","Examen 1 de Historia","2025-06-09","12.00","16.00","2025-06-09 10:51:10","2025-06-09 10:51:10"
"233","16","4","3","Examen 2 de Historia","2025-06-09","8.00","28.00","2025-06-09 10:51:10","2025-06-09 10:51:10"
"234","16","4","3","Examen 3 de Historia","2025-06-09","4.00","5.00","2025-06-09 10:51:10","2025-06-09 10:51:10"
"235","16","4","4","Examen 1 de Lengua","2025-06-09","20.00","24.00","2025-06-09 10:51:10","2025-06-09 10:51:10"
"236","16","4","4","Examen 2 de Lengua","2025-06-09","8.00","17.00","2025-06-09 10:51:10","2025-06-09 10:51:10"
"237","16","4","4","Examen 3 de Lengua","2025-06-09","2.00","30.00","2025-06-09 10:51:11","2025-06-09 10:51:11"
"238","16","4","5","Examen 1 de Inglés","2025-06-09","14.00","29.00","2025-06-09 10:51:11","2025-06-09 10:51:11"
"239","16","4","5","Examen 2 de Inglés","2025-06-09","11.00","29.00","2025-06-09 10:51:11","2025-06-09 10:51:11"
"240","16","4","5","Examen 3 de Inglés","2025-06-09","7.00","7.00","2025-06-09 10:51:11","2025-06-09 10:51:11"
"241","17","4","1","Examen 1 de Matemáticas","2025-06-09","10.00","26.00","2025-06-09 10:51:11","2025-06-09 10:51:11"
"242","17","4","1","Examen 2 de Matemáticas","2025-06-09","5.00","7.00","2025-06-09 10:51:11","2025-06-09 10:51:11"
"243","17","4","1","Examen 3 de Matemáticas","2025-06-09","2.00","24.00","2025-06-09 10:51:11","2025-06-09 10:51:11"
"244","17","4","2","Examen 1 de Ciencias","2025-06-09","9.00","20.00","2025-06-09 10:51:11","2025-06-09 10:51:11"
"245","17","4","2","Examen 2 de Ciencias","2025-06-09","15.00","8.00","2025-06-09 10:51:11","2025-06-09 10:51:11"
"246","17","4","2","Examen 3 de Ciencias","2025-06-09","4.00","20.00","2025-06-09 10:51:11","2025-06-09 10:51:11"
"247","17","4","3","Examen 1 de Historia","2025-06-09","5.00","17.00","2025-06-09 10:51:11","2025-06-09 10:51:11"
"248","17","4","3","Examen 2 de Historia","2025-06-09","3.00","9.00","2025-06-09 10:51:11","2025-06-09 10:51:11"
"249","17","4","3","Examen 3 de Historia","2025-06-09","17.00","10.00","2025-06-09 10:51:11","2025-06-09 10:51:11"
"250","17","4","4","Examen 1 de Lengua","2025-06-09","10.00","20.00","2025-06-09 10:51:11","2025-06-09 10:51:11"
"251","17","4","4","Examen 2 de Lengua","2025-06-09","12.00","20.00","2025-06-09 10:51:11","2025-06-09 10:51:11"
"252","17","4","4","Examen 3 de Lengua","2025-06-09","7.00","8.00","2025-06-09 10:51:11","2025-06-09 10:51:11"
"253","17","4","5","Examen 1 de Inglés","2025-06-09","16.00","29.00","2025-06-09 10:51:11","2025-06-09 10:51:11"
"254","17","4","5","Examen 2 de Inglés","2025-06-09","9.00","19.00","2025-06-09 10:51:11","2025-06-09 10:51:11"
"255","17","4","5","Examen 3 de Inglés","2025-06-09","14.00","6.00","2025-06-09 10:51:11","2025-06-09 10:51:11"
"256","18","4","1","Examen 1 de Matemáticas","2025-06-09","10.00","29.00","2025-06-09 10:51:11","2025-06-09 10:51:11"
"257","18","4","1","Examen 2 de Matemáticas","2025-06-09","6.00","11.00","2025-06-09 10:51:11","2025-06-09 10:51:11"
"258","18","4","1","Examen 3 de Matemáticas","2025-06-09","7.00","17.00","2025-06-09 10:51:11","2025-06-09 10:51:11"
"259","18","4","2","Examen 1 de Ciencias","2025-06-09","8.00","12.00","2025-06-09 10:51:11","2025-06-09 10:51:11"
"260","18","4","2","Examen 2 de Ciencias","2025-06-09","13.00","5.00","2025-06-09 10:51:11","2025-06-09 10:51:11"
"261","18","4","2","Examen 3 de Ciencias","2025-06-09","18.00","5.00","2025-06-09 10:51:11","2025-06-09 10:51:11"
"262","18","4","3","Examen 1 de Historia","2025-06-09","4.00","18.00","2025-06-09 10:51:11","2025-06-09 10:51:11"
"263","18","4","3","Examen 2 de Historia","2025-06-09","4.00","14.00","2025-06-09 10:51:11","2025-06-09 10:51:11"
"264","18","4","3","Examen 3 de Historia","2025-06-09","1.00","20.00","2025-06-09 10:51:11","2025-06-09 10:51:11"
"265","18","4","4","Examen 1 de Lengua","2025-06-09","9.00","7.00","2025-06-09 10:51:11","2025-06-09 10:51:11"
"266","18","4","4","Examen 2 de Lengua","2025-06-09","18.00","15.00","2025-06-09 10:51:11","2025-06-09 10:51:11"
"267","18","4","4","Examen 3 de Lengua","2025-06-09","9.00","22.00","2025-06-09 10:51:11","2025-06-09 10:51:11"
"268","18","4","5","Examen 1 de Inglés","2025-06-09","5.00","7.00","2025-06-09 10:51:11","2025-06-09 10:51:11"
"269","18","4","5","Examen 2 de Inglés","2025-06-09","18.00","22.00","2025-06-09 10:51:11","2025-06-09 10:51:11"
"270","18","4","5","Examen 3 de Inglés","2025-06-09","2.00","24.00","2025-06-09 10:51:11","2025-06-09 10:51:11"
"271","19","4","1","Examen 1 de Matemáticas","2025-06-09","20.00","23.00","2025-06-09 10:51:11","2025-06-09 10:51:11"
"272","19","4","1","Examen 2 de Matemáticas","2025-06-09","20.00","12.00","2025-06-09 10:51:11","2025-06-09 10:51:11"
"273","19","4","1","Examen 3 de Matemáticas","2025-06-09","7.00","29.00","2025-06-09 10:51:11","2025-06-09 10:51:11"
"274","19","4","2","Examen 1 de Ciencias","2025-06-09","10.00","14.00","2025-06-09 10:51:11","2025-06-09 10:51:11"
"275","19","4","2","Examen 2 de Ciencias","2025-06-09","10.00","26.00","2025-06-09 10:51:11","2025-06-09 10:51:11"
"276","19","4","2","Examen 3 de Ciencias","2025-06-09","3.00","18.00","2025-06-09 10:51:11","2025-06-09 10:51:11"
"277","19","4","3","Examen 1 de Historia","2025-06-09","16.00","11.00","2025-06-09 10:51:11","2025-06-09 10:51:11"
"278","19","4","3","Examen 2 de Historia","2025-06-09","15.00","7.00","2025-06-09 10:51:11","2025-06-09 10:51:11"
"279","19","4","3","Examen 3 de Historia","2025-06-09","4.00","22.00","2025-06-09 10:51:11","2025-06-09 10:51:11"
"280","19","4","4","Examen 1 de Lengua","2025-06-09","17.00","7.00","2025-06-09 10:51:11","2025-06-09 10:51:11"
"281","19","4","4","Examen 2 de Lengua","2025-06-09","10.00","23.00","2025-06-09 10:51:11","2025-06-09 10:51:11"
"282","19","4","4","Examen 3 de Lengua","2025-06-09","18.00","22.00","2025-06-09 10:51:11","2025-06-09 10:51:11"
"283","19","4","5","Examen 1 de Inglés","2025-06-09","17.00","22.00","2025-06-09 10:51:11","2025-06-09 10:51:11"
"284","19","4","5","Examen 2 de Inglés","2025-06-09","2.00","23.00","2025-06-09 10:51:11","2025-06-09 10:51:11"
"285","19","4","5","Examen 3 de Inglés","2025-06-09","3.00","19.00","2025-06-09 10:51:11","2025-06-09 10:51:11"
"286","20","4","1","Examen 1 de Matemáticas","2025-06-09","17.00","7.00","2025-06-09 10:51:11","2025-06-09 10:51:11"
"287","20","4","1","Examen 2 de Matemáticas","2025-06-09","13.00","17.00","2025-06-09 10:51:11","2025-06-09 10:51:11"
"288","20","4","1","Examen 3 de Matemáticas","2025-06-09","9.00","13.00","2025-06-09 10:51:11","2025-06-09 10:51:11"
"289","20","4","2","Examen 1 de Ciencias","2025-06-09","10.00","14.00","2025-06-09 10:51:11","2025-06-09 10:51:11"
"290","20","4","2","Examen 2 de Ciencias","2025-06-09","5.00","7.00","2025-06-09 10:51:11","2025-06-09 10:51:11"
"291","20","4","2","Examen 3 de Ciencias","2025-06-09","2.00","19.00","2025-06-09 10:51:11","2025-06-09 10:51:11"
"292","20","4","3","Examen 1 de Historia","2025-06-09","5.00","17.00","2025-06-09 10:51:11","2025-06-09 10:51:11"
"293","20","4","3","Examen 2 de Historia","2025-06-09","7.00","20.00","2025-06-09 10:51:11","2025-06-09 10:51:11"
"294","20","4","3","Examen 3 de Historia","2025-06-09","4.00","10.00","2025-06-09 10:51:11","2025-06-09 10:51:11"
"295","20","4","4","Examen 1 de Lengua","2025-06-09","14.00","7.00","2025-06-09 10:51:11","2025-06-09 10:51:11"
"296","20","4","4","Examen 2 de Lengua","2025-06-09","11.00","16.00","2025-06-09 10:51:11","2025-06-09 10:51:11"
"297","20","4","4","Examen 3 de Lengua","2025-06-09","9.00","9.00","2025-06-09 10:51:11","2025-06-09 10:51:11"
"298","20","4","5","Examen 1 de Inglés","2025-06-09","9.00","22.00","2025-06-09 10:51:11","2025-06-09 10:51:11"
"299","20","4","5","Examen 2 de Inglés","2025-06-09","19.00","20.00","2025-06-09 10:51:11","2025-06-09 10:51:11"
"300","20","4","5","Examen 3 de Inglés","2025-06-09","12.00","7.00","2025-06-09 10:51:11","2025-06-09 10:51:11"
"301","21","4","1","Examen 1 de Matemáticas","2025-06-09","18.00","23.00","2025-06-09 10:51:11","2025-06-09 10:51:11"
"302","21","4","1","Examen 2 de Matemáticas","2025-06-09","12.00","30.00","2025-06-09 10:51:11","2025-06-09 10:51:11"
"303","21","4","1","Examen 3 de Matemáticas","2025-06-09","14.00","14.00","2025-06-09 10:51:11","2025-06-09 10:51:11"
"304","21","4","2","Examen 1 de Ciencias","2025-06-09","13.00","17.00","2025-06-09 10:51:11","2025-06-09 10:51:11"
"305","21","4","2","Examen 2 de Ciencias","2025-06-09","11.00","22.00","2025-06-09 10:51:11","2025-06-09 10:51:11"
"306","21","4","2","Examen 3 de Ciencias","2025-06-09","5.00","30.00","2025-06-09 10:51:11","2025-06-09 10:51:11"
"307","21","4","3","Examen 1 de Historia","2025-06-09","8.00","28.00","2025-06-09 10:51:11","2025-06-09 10:51:11"
"308","21","4","3","Examen 2 de Historia","2025-06-09","17.00","27.00","2025-06-09 10:51:11","2025-06-09 10:51:11"
"309","21","4","3","Examen 3 de Historia","2025-06-09","11.00","29.00","2025-06-09 10:51:11","2025-06-09 10:51:11"
"310","21","4","4","Examen 1 de Lengua","2025-06-09","19.00","9.00","2025-06-09 10:51:11","2025-06-09 10:51:11"
"311","21","4","4","Examen 2 de Lengua","2025-06-09","4.00","28.00","2025-06-09 10:51:11","2025-06-09 10:51:11"
"312","21","4","4","Examen 3 de Lengua","2025-06-09","7.00","16.00","2025-06-09 10:51:11","2025-06-09 10:51:11"
"313","21","4","5","Examen 1 de Inglés","2025-06-09","11.00","21.00","2025-06-09 10:51:11","2025-06-09 10:51:11"
"314","21","4","5","Examen 2 de Inglés","2025-06-09","2.00","6.00","2025-06-09 10:51:11","2025-06-09 10:51:11"
"315","21","4","5","Examen 3 de Inglés","2025-06-09","10.00","24.00","2025-06-09 10:51:11","2025-06-09 10:51:11"
"316","22","4","1","Examen 1 de Matemáticas","2025-06-09","3.00","9.00","2025-06-09 10:51:11","2025-06-09 10:51:11"
"317","22","4","1","Examen 2 de Matemáticas","2025-06-09","5.00","29.00","2025-06-09 10:51:11","2025-06-09 10:51:11"
"318","22","4","1","Examen 3 de Matemáticas","2025-06-09","9.00","7.00","2025-06-09 10:51:11","2025-06-09 10:51:11"
"319","22","4","2","Examen 1 de Ciencias","2025-06-09","19.00","23.00","2025-06-09 10:51:11","2025-06-09 10:51:11"
"320","22","4","2","Examen 2 de Ciencias","2025-06-09","8.00","16.00","2025-06-09 10:51:11","2025-06-09 10:51:11"
"321","22","4","2","Examen 3 de Ciencias","2025-06-09","16.00","10.00","2025-06-09 10:51:11","2025-06-09 10:51:11"
"322","22","4","3","Examen 1 de Historia","2025-06-09","12.00","11.00","2025-06-09 10:51:11","2025-06-09 10:51:11"
"323","22","4","3","Examen 2 de Historia","2025-06-09","6.00","5.00","2025-06-09 10:51:11","2025-06-09 10:51:11"
"324","22","4","3","Examen 3 de Historia","2025-06-09","3.00","17.00","2025-06-09 10:51:11","2025-06-09 10:51:11"
"325","22","4","4","Examen 1 de Lengua","2025-06-09","6.00","22.00","2025-06-09 10:51:11","2025-06-09 10:51:11"
"326","22","4","4","Examen 2 de Lengua","2025-06-09","10.00","21.00","2025-06-09 10:51:11","2025-06-09 10:51:11"
"327","22","4","4","Examen 3 de Lengua","2025-06-09","1.00","27.00","2025-06-09 10:51:11","2025-06-09 10:51:11"
"328","22","4","5","Examen 1 de Inglés","2025-06-09","13.00","16.00","2025-06-09 10:51:11","2025-06-09 10:51:11"
"329","22","4","5","Examen 2 de Inglés","2025-06-09","9.00","30.00","2025-06-09 10:51:11","2025-06-09 10:51:11"
"330","22","4","5","Examen 3 de Inglés","2025-06-09","13.00","18.00","2025-06-09 10:51:11","2025-06-09 10:51:11"
"331","23","4","1","Examen 1 de Matemáticas","2025-06-09","4.00","13.00","2025-06-09 10:51:11","2025-06-09 10:51:11"
"332","23","4","1","Examen 2 de Matemáticas","2025-06-09","15.00","29.00","2025-06-09 10:51:11","2025-06-09 10:51:11"
"333","23","4","1","Examen 3 de Matemáticas","2025-06-09","10.00","27.00","2025-06-09 10:51:11","2025-06-09 10:51:11"
"334","23","4","2","Examen 1 de Ciencias","2025-06-09","20.00","9.00","2025-06-09 10:51:11","2025-06-09 10:51:11"
"335","23","4","2","Examen 2 de Ciencias","2025-06-09","19.00","25.00","2025-06-09 10:51:11","2025-06-09 10:51:11"
"336","23","4","2","Examen 3 de Ciencias","2025-06-09","1.00","14.00","2025-06-09 10:51:11","2025-06-09 10:51:11"
"337","23","4","3","Examen 1 de Historia","2025-06-09","20.00","20.00","2025-06-09 10:51:11","2025-06-09 10:51:11"
"338","23","4","3","Examen 2 de Historia","2025-06-09","4.00","30.00","2025-06-09 10:51:11","2025-06-09 10:51:11"
"339","23","4","3","Examen 3 de Historia","2025-06-09","19.00","6.00","2025-06-09 10:51:11","2025-06-09 10:51:11"
"340","23","4","4","Examen 1 de Lengua","2025-06-09","5.00","7.00","2025-06-09 10:51:11","2025-06-09 10:51:11"
"341","23","4","4","Examen 2 de Lengua","2025-06-09","17.00","23.00","2025-06-09 10:51:11","2025-06-09 10:51:11"
"342","23","4","4","Examen 3 de Lengua","2025-06-09","2.00","6.00","2025-06-09 10:51:11","2025-06-09 10:51:11"
"343","23","4","5","Examen 1 de Inglés","2025-06-09","15.00","12.00","2025-06-09 10:51:11","2025-06-09 10:51:11"
"344","23","4","5","Examen 2 de Inglés","2025-06-09","10.00","17.00","2025-06-09 10:51:11","2025-06-09 10:51:11"
"345","23","4","5","Examen 3 de Inglés","2025-06-09","13.00","8.00","2025-06-09 10:51:11","2025-06-09 10:51:11"
"346","24","4","1","Examen 1 de Matemáticas","2025-06-09","2.00","27.00","2025-06-09 10:51:11","2025-06-09 10:51:11"
"347","24","4","1","Examen 2 de Matemáticas","2025-06-09","20.00","16.00","2025-06-09 10:51:11","2025-06-09 10:51:11"
"348","24","4","1","Examen 3 de Matemáticas","2025-06-09","17.00","23.00","2025-06-09 10:51:11","2025-06-09 10:51:11"
"349","24","4","2","Examen 1 de Ciencias","2025-06-09","19.00","26.00","2025-06-09 10:51:11","2025-06-09 10:51:11"
"350","24","4","2","Examen 2 de Ciencias","2025-06-09","16.00","25.00","2025-06-09 10:51:11","2025-06-09 10:51:11"
"351","24","4","2","Examen 3 de Ciencias","2025-06-09","3.00","8.00","2025-06-09 10:51:11","2025-06-09 10:51:11"
"352","24","4","3","Examen 1 de Historia","2025-06-09","15.00","29.00","2025-06-09 10:51:11","2025-06-09 10:51:11"
"353","24","4","3","Examen 2 de Historia","2025-06-09","4.00","9.00","2025-06-09 10:51:11","2025-06-09 10:51:11"
"354","24","4","3","Examen 3 de Historia","2025-06-09","2.00","16.00","2025-06-09 10:51:11","2025-06-09 10:51:11"
"355","24","4","4","Examen 1 de Lengua","2025-06-09","1.00","24.00","2025-06-09 10:51:11","2025-06-09 10:51:11"
"356","24","4","4","Examen 2 de Lengua","2025-06-09","13.00","26.00","2025-06-09 10:51:11","2025-06-09 10:51:11"
"357","24","4","4","Examen 3 de Lengua","2025-06-09","9.00","23.00","2025-06-09 10:51:11","2025-06-09 10:51:11"
"358","24","4","5","Examen 1 de Inglés","2025-06-09","10.00","16.00","2025-06-09 10:51:11","2025-06-09 10:51:11"
"359","24","4","5","Examen 2 de Inglés","2025-06-09","15.00","15.00","2025-06-09 10:51:11","2025-06-09 10:51:11"
"360","24","4","5","Examen 3 de Inglés","2025-06-09","5.00","10.00","2025-06-09 10:51:11","2025-06-09 10:51:11"
"361","25","4","1","Examen 1 de Matemáticas","2025-06-09","3.00","18.00","2025-06-09 10:51:11","2025-06-09 10:51:11"
"362","25","4","1","Examen 2 de Matemáticas","2025-06-09","19.00","16.00","2025-06-09 10:51:11","2025-06-09 10:51:11"
"363","25","4","1","Examen 3 de Matemáticas","2025-06-09","12.00","23.00","2025-06-09 10:51:11","2025-06-09 10:51:11"
"364","25","4","2","Examen 1 de Ciencias","2025-06-09","12.00","24.00","2025-06-09 10:51:11","2025-06-09 10:51:11"
"365","25","4","2","Examen 2 de Ciencias","2025-06-09","17.00","23.00","2025-06-09 10:51:11","2025-06-09 10:51:11"
"366","25","4","2","Examen 3 de Ciencias","2025-06-09","7.00","26.00","2025-06-09 10:51:11","2025-06-09 10:51:11"
"367","25","4","3","Examen 1 de Historia","2025-06-09","9.00","8.00","2025-06-09 10:51:11","2025-06-09 10:51:11"
"368","25","4","3","Examen 2 de Historia","2025-06-09","18.00","25.00","2025-06-09 10:51:11","2025-06-09 10:51:11"
"369","25","4","3","Examen 3 de Historia","2025-06-09","6.00","12.00","2025-06-09 10:51:11","2025-06-09 10:51:11"
"370","25","4","4","Examen 1 de Lengua","2025-06-09","20.00","23.00","2025-06-09 10:51:11","2025-06-09 10:51:11"
"371","25","4","4","Examen 2 de Lengua","2025-06-09","13.00","11.00","2025-06-09 10:51:11","2025-06-09 10:51:11"
"372","25","4","4","Examen 3 de Lengua","2025-06-09","7.00","12.00","2025-06-09 10:51:11","2025-06-09 10:51:11"
"373","25","4","5","Examen 1 de Inglés","2025-06-09","10.00","25.00","2025-06-09 10:51:11","2025-06-09 10:51:11"
"374","25","4","5","Examen 2 de Inglés","2025-06-09","5.00","25.00","2025-06-09 10:51:11","2025-06-09 10:51:11"
"375","25","4","5","Examen 3 de Inglés","2025-06-09","18.00","9.00","2025-06-09 10:51:11","2025-06-09 10:51:11"
"376","26","4","1","Examen 1 de Matemáticas","2025-06-09","7.00","26.00","2025-06-09 10:51:11","2025-06-09 10:51:11"
"377","26","4","1","Examen 2 de Matemáticas","2025-06-09","12.00","11.00","2025-06-09 10:51:11","2025-06-09 10:51:11"
"378","26","4","1","Examen 3 de Matemáticas","2025-06-09","5.00","24.00","2025-06-09 10:51:11","2025-06-09 10:51:11"
"379","26","4","2","Examen 1 de Ciencias","2025-06-09","9.00","20.00","2025-06-09 10:51:11","2025-06-09 10:51:11"
"380","26","4","2","Examen 2 de Ciencias","2025-06-09","5.00","20.00","2025-06-09 10:51:11","2025-06-09 10:51:11"
"381","26","4","2","Examen 3 de Ciencias","2025-06-09","8.00","25.00","2025-06-09 10:51:11","2025-06-09 10:51:11"
"382","26","4","3","Examen 1 de Historia","2025-06-09","7.00","25.00","2025-06-09 10:51:11","2025-06-09 10:51:11"
"383","26","4","3","Examen 2 de Historia","2025-06-09","9.00","25.00","2025-06-09 10:51:11","2025-06-09 10:51:11"
"384","26","4","3","Examen 3 de Historia","2025-06-09","7.00","6.00","2025-06-09 10:51:11","2025-06-09 10:51:11"
"385","26","4","4","Examen 1 de Lengua","2025-06-09","11.00","10.00","2025-06-09 10:51:11","2025-06-09 10:51:11"
"386","26","4","4","Examen 2 de Lengua","2025-06-09","5.00","6.00","2025-06-09 10:51:11","2025-06-09 10:51:11"
"387","26","4","4","Examen 3 de Lengua","2025-06-09","14.00","8.00","2025-06-09 10:51:11","2025-06-09 10:51:11"
"388","26","4","5","Examen 1 de Inglés","2025-06-09","12.00","17.00","2025-06-09 10:51:11","2025-06-09 10:51:11"
"389","26","4","5","Examen 2 de Inglés","2025-06-09","20.00","12.00","2025-06-09 10:51:11","2025-06-09 10:51:11"
"390","26","4","5","Examen 3 de Inglés","2025-06-09","10.00","14.00","2025-06-09 10:51:11","2025-06-09 10:51:11"
"id","uuid","connection","queue","payload","exception","failed_at"
"id","queue","payload","attempts","reserved_at","available_at","created_at"
"id","name","description","created_at","updated_at"
"1","Matemáticas","Materia de matemáticas","2025-06-09 10:51:09","2025-06-09 10:51:09"
"2","Ciencias","Materia de ciencias","2025-06-09 10:51:09","2025-06-09 10:51:09"
"3","Historia","Materia de historia","2025-06-09 10:51:09","2025-06-09 10:51:09"
"4","Lengua","Materia de lengua","2025-06-09 10:51:09","2025-06-09 10:51:09"
"5","Inglés","Materia de inglés","2025-06-09 10:51:09","2025-06-09 10:51:09"
"id","migration","batch"
"92","2014_10_12_000000_create_users_table","1"
"93","2014_10_12_100000_create_password_resets_table","1"
"94","2019_08_19_000000_create_failed_jobs_table","1"
"95","2019_12_14_000001_create_personal_access_tokens_table","1"
"96","2022_11_30_175428_create_jobs_table","1"
"97","2022_12_18_035041_create_contacts_table","1"
"98","2023_11_29_231903_create_permission_tables","1"
"99","2025_05_28_131403_create_parents_table","1"
"100","2025_05_28_131418_create_students_table","1"
"101","2025_05_28_131433_create_payments_table","1"
"102","2025_05_28_131458_create_tiposdepagos_table","1"
"103","2025_05_30_003122_create_tasabcvs_table","1"
"104","2025_05_30_120000_create_morosos_table","1"
"105","2025_06_04_000000_create_materias_table","1"
"106","2025_06_04_000001_create_calificaciones_table","1"
"107","2025_06_05_030000_add_materia_id_foreign_to_users_table","1"
"108","2025_06_05_040000_create_examenes_table","1"
"109","2025_06_05_145052_create_categories_table","1"
"110","2025_06_05_145111_create_blogs_table","1"
"111","2025_06_06_170622_create_calendariotareas_table","1"
"112","2025_06_07_000000_create_configuracions_table","1"
"permission_id","model_type","model_id"
"role_id","model_type","model_id"
"1","App\Models\User","1"
"1","App\Models\User","2"
"9","App\Models\User","3"
"9","App\Models\User","4"
"id","parent_id","student_id","month","year","amount_due","amount_paid","status","created_at","updated_at"
"email","token","created_at"
"id","referencia","metodo","bank_name","bank_destino","monto","nombre","email","avatar","fecha","status","deuda","monto_pendiente","status_deuda","student_id","parent_id","created_at","updated_at","deleted_at"
"1","REF-74991","Pago Móvil","Citibank","Bank of America","592.86","Rhiannon Langosh","schuyler70@example.com",NULL,"2025-06-09 10:51:09","APPROVED","296.43","296.43",NULL,"1","1","2025-06-09 10:51:09","2025-06-09 10:51:09",NULL
"2","REF-38056","Transferencia Bolívares","Wells Fargo","Chase","294.74","Bo Bayer","gavin.schuppe@example.com",NULL,"2025-06-09 10:51:09","APPROVED","147.37","147.37","DEUDA","2","2","2025-06-09 10:51:09","2025-06-09 10:51:09",NULL
"3","REF-60451","Pago Móvil","Bank of America","Citibank","771.87","Otis Waelchi","marquis.ebert@example.com",NULL,"2025-06-09 10:51:09","PENDING","385.935","385.935",NULL,"3","3","2025-06-09 10:51:09","2025-06-09 10:51:09",NULL
"4","REF-85446","Transferencia Bolívares","Citibank","Bank of America","800.30","Otis Waelchi","marquis.ebert@example.com",NULL,"2025-06-09 10:51:09","PENDING","400.15","400.15",NULL,"4","3","2025-06-09 10:51:09","2025-06-09 10:51:09",NULL
"5","REF-10124","Pago Móvil","Bank of America","Bank of America","272.04","Otis Waelchi","marquis.ebert@example.com",NULL,"2025-06-09 10:51:09","PENDING","136.02","136.02","DEUDA","5","3","2025-06-09 10:51:09","2025-06-09 10:51:09",NULL
"6","REF-09033","Pago Móvil","Chase","Wells Fargo","211.58","Americo Kunze","anabelle.gislason@example.com",NULL,"2025-06-09 10:51:09","APPROVED","105.79","105.79","DEUDA","11","5","2025-06-09 10:51:09","2025-06-09 10:51:09",NULL
"7","REF-94644","Pago Móvil","Bank of America","Bank of America","979.69","Americo Kunze","anabelle.gislason@example.com",NULL,"2025-06-09 10:51:09","REJECTED","489.845","489.845",NULL,"12","5","2025-06-09 10:51:09","2025-06-09 10:51:09",NULL
"8","REF-53224","Pago Móvil","Bank of America","Bank of America","155.41","Americo Kunze","anabelle.gislason@example.com",NULL,"2025-06-09 10:51:09","REJECTED","77.705","77.705","DEUDA","13","5","2025-06-09 10:51:09","2025-06-09 10:51:09",NULL
"9","REF-75176","Transferencia Dólares","Wells Fargo","Wells Fargo","288.72","Ara Eichmann","waters.jaylin@example.org",NULL,"2025-06-09 10:51:09","REJECTED","144.36","144.36","DEUDA","14","6","2025-06-09 10:51:09","2025-06-09 10:51:09",NULL
"10","REF-15113","Transferencia Bolívares","Chase","Bank of America","112.95","Ara Eichmann","waters.jaylin@example.org",NULL,"2025-06-09 10:51:09","PENDING","56.475","56.475","DEUDA","15","6","2025-06-09 10:51:09","2025-06-09 10:51:09",NULL
"11","REF-70888","Pago Móvil","Wells Fargo","Wells Fargo","226.70","Ara Eichmann","waters.jaylin@example.org",NULL,"2025-06-09 10:51:09","PENDING","113.35","113.35","DEUDA","16","6","2025-06-09 10:51:09","2025-06-09 10:51:09",NULL
"12","REF-86639","Transferencia Bolívares","Wells Fargo","Bank of America","392.88","Ara Eichmann","waters.jaylin@example.org",NULL,"2025-06-09 10:51:09","PENDING","196.44","196.44","DEUDA","17","6","2025-06-09 10:51:09","2025-06-09 10:51:09",NULL
"13","REF-36349","Transferencia Dólares","Wells Fargo","Citibank","944.61","Clark Lockman","xhowe@example.com",NULL,"2025-06-09 10:51:09","APPROVED","472.305","472.305",NULL,"18","7","2025-06-09 10:51:09","2025-06-09 10:51:09",NULL
"14","REF-03202","Pago Móvil","Citibank","Citibank","667.26","Clark Lockman","xhowe@example.com",NULL,"2025-06-09 10:51:09","PENDING","333.63","333.63",NULL,"19","7","2025-06-09 10:51:09","2025-06-09 10:51:09",NULL
"id","name","guard_name","created_at","updated_at"
"1","patient_dashboard","api","2025-06-09 10:51:09","2025-06-09 10:51:09"
"2","admin_dashboard","api","2025-06-09 10:51:09","2025-06-09 10:51:09"
"3","doctor_dashboard","api","2025-06-09 10:51:09","2025-06-09 10:51:09"
"4","register_rol","api","2025-06-09 10:51:09","2025-06-09 10:51:09"
"5","list_rol","api","2025-06-09 10:51:09","2025-06-09 10:51:09"
"6","edit_rol","api","2025-06-09 10:51:09","2025-06-09 10:51:09"
"7","delete_rol","api","2025-06-09 10:51:09","2025-06-09 10:51:09"
"8","settings","api","2025-06-09 10:51:09","2025-06-09 10:51:09"
"id","tokenable_type","tokenable_id","name","token","abilities","last_used_at","created_at","updated_at"
"id","name","surname","mobile","birth_date","gender","address","avatar","n_doc","status","email","email_verified_at","password","remember_token","created_at","updated_at","deleted_at"
"1","Rhiannon","Langosh","940.905.1436","1980-10-24 00:00:00","1","9799 Skiles Summit
Jocelynville, ID 84939-1067",NULL,"2605047073","ACTIVE","schuyler70@example.com",NULL,"$2y$10$wOEoIq0BJaGMkB6UOrjs/OQ6ds0pCAfziCCu4cFco8LD7ibxlTg4e",NULL,"2025-06-09 10:51:08","2025-06-09 10:51:08",NULL
"2","Bo","Bayer","947-328-5148","1994-06-25 00:00:00","1","629 Burnice Brooks Suite 348
Kohlerfort, NH 47861",NULL,"2981043045","ACTIVE","gavin.schuppe@example.com",NULL,"$2y$10$E.1s1cYmD1HW3ZH0yohhheI0NBtLzNJ2d0RYvTDr54wyB3cVupSm6",NULL,"2025-06-09 10:51:09","2025-06-09 10:51:09",NULL
"3","Otis","Waelchi","+1 (660) 492-1712","1986-08-13 00:00:00","2","20648 Pfeffer Shore Apt. 398
North Lillie, MN 48560",NULL,"8299556843","ACTIVE","marquis.ebert@example.com",NULL,"$2y$10$NB2FqS9rIArrD5zq8wdW..hUMtueUooEUT15U.cT76.j9oLhGXgbi",NULL,"2025-06-09 10:51:09","2025-06-09 10:51:09",NULL
"4","Orville","Sipes","(972) 897-1303","1975-08-26 00:00:00","2","683 Treutel Run
Breanamouth, RI 99462-9751",NULL,"5500974126","INACTIVE","waelchi.winnifred@example.net",NULL,"$2y$10$u29KzCcOq/Gu6UhVXE.6ouXotCAc.qO0J0/YuuTaMfAg/Kc/4Z99i",NULL,"2025-06-09 10:51:09","2025-06-09 10:51:09",NULL
"5","Americo","Kunze","929-534-3895","2009-04-30 00:00:00","2","392 Anabel Causeway Apt. 789
East Mariannaside, IL 67387",NULL,"8648881895","ACTIVE","anabelle.gislason@example.com",NULL,"$2y$10$nut6k/koI2OHL.toX40bf.XBpDYs8Y3csHmLC3OQ5YSBoEcPfZ3Kq",NULL,"2025-06-09 10:51:09","2025-06-09 10:51:09",NULL
"6","Ara","Eichmann","+1-575-773-7298","1977-02-23 00:00:00","2","7198 Kara Overpass Apt. 794
Lake Rahsaanmouth, FL 26772",NULL,"6342218693","ACTIVE","waters.jaylin@example.org",NULL,"$2y$10$jE9fvxqYRTlGzrlzHKICoOItv6w51Bi9T/E9jEfEAyNLid5ep5Cqm",NULL,"2025-06-09 10:51:09","2025-06-09 10:51:09",NULL
"7","Clark","Lockman","740.622.4744","2007-04-11 00:00:00","1","598 Ilene Dam Suite 344
North Jessycatown, GA 99191",NULL,"2780669609","ACTIVE","xhowe@example.com",NULL,"$2y$10$BN8GldCbYeQMe/acesIX1uodvvP/fBqxTrCvjBc39Wj5VPGIEDWUm",NULL,"2025-06-09 10:51:09","2025-06-09 10:51:09",NULL
"8","Chesley","Lind","+1-619-286-1741","1985-12-03 00:00:00","2","510 Enos Underpass
Mariannaport, KS 73106-1467",NULL,"7206468549","INACTIVE","kshlerin.kirstin@example.net",NULL,"$2y$10$AHl9/wOAjVx9E00q7qAXO.OUu4rTX9YRMiJLu/3pQ1NXfhzn5oKP2",NULL,"2025-06-09 10:51:09","2025-06-09 10:51:09",NULL
"9","Anibal","Kemmer","(628) 449-4399","1992-09-04 00:00:00","2","8354 Demetrius Manors
North Raleigh, FL 07762-1760",NULL,"5648810415","INACTIVE","chaz.hartmann@example.com",NULL,"$2y$10$VkOh34peRuen6hGys0HFLOuFk5yE6ihBdJypNYyAKvjgzCen8SL5S",NULL,"2025-06-09 10:51:09","2025-06-09 10:51:09",NULL
"10","Sidney","Franecki","(361) 320-8313","1999-07-26 00:00:00","1","59210 Hodkiewicz Islands
South Ofelia, NV 50807",NULL,"0306606680","INACTIVE","jerry.gusikowski@example.net",NULL,"$2y$10$NCES8eJtrvsqCL1zXXK7YORo1fOrrgr.tJXWnbydoZZgpUF41rDRu",NULL,"2025-06-09 10:51:09","2025-06-09 10:51:09",NULL
"id","name","guard_name","created_at","updated_at"
"1","SUPERADMIN","api","2025-06-09 14:51:08","2025-06-09 14:51:08"
"2","ADMIN","api","2025-06-09 14:51:08","2025-06-09 14:51:08"
"9","GUEST","api","2025-06-09 14:51:08","2025-06-09 14:51:08"
"10","GUEST","parent-api","2025-06-09 10:51:09","2025-06-09 10:51:09"
"11","MAESTRO","api","2025-06-09 10:51:09","2025-06-09 10:51:09"
"permission_id","role_id"
"id","name","surname","birth_date","gender","n_doc","school_year","section","matricula","avatar","status","parent_id","user_id","created_at","updated_at","deleted_at"
"1","Noemie","Hilpert","1974-07-18 00:00:00","1","1880805914","5th","z","1000.00",NULL,"INACTIVE","1","4","2025-06-09 10:51:08","2025-06-09 15:33:27",NULL
"2","Rosalia","Hegmann","1980-03-10 00:00:00","2","8724476171","3rd","o","1000.00",NULL,"ACTIVE","2","4","2025-06-09 10:51:09","2025-06-09 10:51:09",NULL
"3","Elmore","Bashirian","2014-04-06 00:00:00","1","0951056991","3rd","d","1000.00",NULL,"GRADUATED","3","4","2025-06-09 10:51:09","2025-06-09 10:51:09",NULL
"4","Annabel","Schroeder","1995-03-27 00:00:00","1","0795715831","1st","c","1000.00",NULL,"INACTIVE","3","4","2025-06-09 10:51:09","2025-06-09 10:51:09",NULL
"5","Pietro","Johnston","2006-10-25 00:00:00","2","5454136876","2nd","h","1000.00",NULL,"ACTIVE","3","4","2025-06-09 10:51:09","2025-06-09 10:51:09",NULL
"6","Pierre","Cronin","1980-08-12 00:00:00","1","6407695790","2nd","w","1000.00",NULL,"RETIRED","4","4","2025-06-09 10:51:09","2025-06-09 10:51:09",NULL
"7","Reanna","Hill","2025-01-09 00:00:00","1","6735648884","3rd","a","1000.00",NULL,"RETIRED","4","4","2025-06-09 10:51:09","2025-06-09 10:51:09",NULL
"8","Zoila","Keeling","1993-11-02 00:00:00","1","0204192667","5th","h","1000.00",NULL,"INACTIVE","4","4","2025-06-09 10:51:09","2025-06-09 10:51:09",NULL
"9","Vilma","Wunsch","2003-12-31 00:00:00","1","2661040497","2nd","s","1000.00",NULL,"RETIRED","4","4","2025-06-09 10:51:09","2025-06-09 10:51:09",NULL
"10","Agustina","Rippin","2001-06-11 00:00:00","1","7216014214","2nd","z","1000.00",NULL,"INACTIVE","4","4","2025-06-09 10:51:09","2025-06-09 15:56:05",NULL
"11","Florida","Wiegand","1975-07-18 00:00:00","2","8549519084","3rd","e","1000.00",NULL,"RETIRED","5","4","2025-06-09 10:51:09","2025-06-09 10:51:09",NULL
"12","Jocelyn","Kohler","2014-04-12 00:00:00","1","9591906467","4th","l","1000.00",NULL,"INACTIVE","5","4","2025-06-09 10:51:09","2025-06-09 10:51:09",NULL
"13","Veda","Satterfield","2019-03-08 00:00:00","2","1993568781","2nd","d","1000.00",NULL,"INACTIVE","5","4","2025-06-09 10:51:09","2025-06-09 10:51:09",NULL
"14","Kobe","Leannon","1973-12-17 00:00:00","1","9254986771","3rd","j","1000.00",NULL,"RETIRED","6","4","2025-06-09 10:51:09","2025-06-09 10:51:09",NULL
"15","Vada","Konopelski","1995-05-02 00:00:00","2","8271668116","5th","t","1000.00",NULL,"INACTIVE","6","4","2025-06-09 10:51:09","2025-06-09 10:51:09",NULL
"16","Aglae","Boehm","1996-10-31 00:00:00","1","1225630127","5th","o","1000.00",NULL,"RETIRED","6","4","2025-06-09 10:51:09","2025-06-09 10:51:09",NULL
"17","Estefania","Weber","2021-09-25 00:00:00","2","0974774388","5th","f","1000.00",NULL,"INACTIVE","6","4","2025-06-09 10:51:09","2025-06-09 10:51:09",NULL
"18","Earl","Crooks","2008-08-26 00:00:00","1","8183424066","4th","s","1000.00",NULL,"GRADUATED","7","4","2025-06-09 10:51:09","2025-06-09 10:51:09",NULL
"19","Archibald","Stroman","2011-08-14 00:00:00","1","0008035953","5th","h","1000.00",NULL,"ACTIVE","7","4","2025-06-09 10:51:09","2025-06-09 10:51:09",NULL
"20","Collin","Johns","1983-01-08 00:00:00","1","3162397274","4th","g","1000.00",NULL,"ACTIVE","8","4","2025-06-09 10:51:09","2025-06-09 10:51:09",NULL
"21","Donnell","Ziemann","1975-04-18 00:00:00","1","0966439883","2nd","t","1000.00",NULL,"INACTIVE","8","4","2025-06-09 10:51:09","2025-06-09 10:51:09",NULL
"22","Marilyne","Doyle","1997-05-29 00:00:00","1","7538976096","2nd","b","1000.00",NULL,"INACTIVE","9","4","2025-06-09 10:51:09","2025-06-09 10:51:09",NULL
"23","Adrain","Stokes","1981-04-08 00:00:00","2","8341068745","4th","t","1000.00",NULL,"GRADUATED","9","4","2025-06-09 10:51:09","2025-06-09 10:51:09",NULL
"24","Jermain","Jast","1987-11-05 00:00:00","2","1451524720","1st","x","1000.00",NULL,"INACTIVE","10","4","2025-06-09 10:51:09","2025-06-09 15:48:59",NULL
"25","Rebekah","Kuphal","2012-02-22 00:00:00","1","2709078750","3rd","o","1000.00",NULL,"INACTIVE","10","4","2025-06-09 10:51:09","2025-06-09 15:30:09",NULL
"26","Elijah","Jast","1974-12-11 00:00:00","1","2592854634","1st","u","1000.00",NULL,"INACTIVE","10","4","2025-06-09 10:51:09","2025-06-09 15:49:11",NULL
"id","precio_dia","created_at","updated_at","deleted_at"
"1","95.74","2025-06-09 15:37:14","2025-06-09 15:37:14",NULL
"id","tipo","ciorif","telefono","bankAccount","bankName","bankAccountType","email","user","status","created_at","updated_at","deleted_at"
"1","Transferencia Bolívares",NULL,NULL,"01051223345678904","mercantil","Corriente",NULL,"das","ACTIVE","2023-10-10 05:32:48","2023-10-10 06:04:50",NULL
"2","Transferencia Dólares",NULL,NULL,"ZEL0101010143543","BOFA",NULL,"ddsa",NULL,"ACTIVE","2024-01-10 02:07:20","2024-01-10 02:07:43",NULL
"3","Pago Móvil","123456","234567","253453","Mercantil Pago M",NULL,NULL,NULL,"ACTIVE","2024-01-16 03:17:12","2024-01-16 03:17:16",NULL
"4","Pago Móvil","1223338","234566777",NULL,"Provincial",NULL,NULL,NULL,"ACTIVE","2024-05-17 05:16:25","2024-05-17 05:16:29",NULL
"id","name","surname","n_doc","birth_date","gender","status","mobile","telefono","address","avatar","grado","email","email_verified_at","password","materia_id","remember_token","created_at","updated_at","deleted_at"
"1","super","Johnson",NULL,NULL,"1","1",NULL,NULL,NULL,NULL,NULL,"superadmin@superadmin.com","2025-06-09 14:51:08","$2y$10$dlCVoYL/iZZ6nOfsP4dh2.Ef.iZSxeC/wqzZByjRabgrSbXiw.IqS",NULL,NULL,"2025-06-09 10:51:08","2025-06-09 10:51:08",NULL
"2","admin","Johnson",NULL,NULL,"1","1",NULL,NULL,NULL,NULL,NULL,"admin@admin.com","2025-06-09 14:51:08","$2y$10$kkeRuch7IiX/vZkYOQaVYug1tS9MpdTz4q7DPolJwsSnUvXuJ4jkS",NULL,NULL,"2025-06-09 10:51:08","2025-06-09 10:51:08",NULL
"3","invitado","Johnson",NULL,NULL,"1","1",NULL,NULL,NULL,NULL,NULL,"invitado@invitado.com","2025-06-09 14:51:08","$2y$10$0MCfi3gr.JiLz2tEfvxb1e3Dl9IUzI1MEIxQPJ2gkZrn5IeE8Pcza",NULL,NULL,"2025-06-09 10:51:08","2025-06-09 10:51:08",NULL
"4","maestro","Johnson",NULL,NULL,"1","1",NULL,NULL,NULL,NULL,NULL,"maestro@maestro.com","2025-06-09 14:51:08","$2y$10$qj6wDkwV4FNjNmPPp.SjM.h8hr5tAwRNFyZFbMgRqVc4mMMOxVeYC",NULL,NULL,"2025-06-09 10:51:08","2025-06-09 10:51:08",NULL
